INSERT INTO EVENTO (ANO, TITULO) VALUES (2019, 'Games XP 2k19');
INSERT INTO EVENTO (ANO, TITULO) VALUES (2018, 'Games XP 2018 the force awakens');
INSERT INTO EVENTO (ANO, TITULO) VALUES (2017, 'Games XP 2017');
INSERT INTO EVENTO (ANO, TITULO) VALUES (2016, 'Games XP 2016');
INSERT INTO EVENTO (ANO, TITULO) VALUES (2015, 'Games XP 2015');

INSERT INTO EMPRESA(CNPJ, NOME, SETOR) VALUES ('66991613000126', 'Nintendo', 'Jogos Eletrônicos');
INSERT INTO EMPRESA(CNPJ, NOME, SETOR) VALUES ('66991613000120', 'Redbull.', 'Alimentos');
INSERT INTO EMPRESA(CNPJ, NOME, SETOR) VALUES ('62399161300024', 'Sony.', 'Eletrônicos');

INSERT INTO PARTICIPA(EVENTO, EMPRESA, TOTAL_PAGO, NOTA_FEEDBACK) VALUES ('2019', '66991613000126', DEFAULT, NULL);
INSERT INTO PARTICIPA(EVENTO, EMPRESA, TOTAL_PAGO, NOTA_FEEDBACK) VALUES ('2019', '66991613000120', DEFAULT, NULL);
INSERT INTO PARTICIPA(EVENTO, EMPRESA, TOTAL_PAGO, NOTA_FEEDBACK) VALUES ('2019', '62399161300024', DEFAULT, NULL);
INSERT INTO PARTICIPA(EVENTO, EMPRESA, TOTAL_PAGO, NOTA_FEEDBACK) VALUES ('2018', '66991613000126', 80000, 9);
INSERT INTO PARTICIPA(EVENTO, EMPRESA, TOTAL_PAGO, NOTA_FEEDBACK) VALUES ('2018', '66991613000120', 60000, 8);
INSERT INTO PARTICIPA(EVENTO, EMPRESA, TOTAL_PAGO, NOTA_FEEDBACK) VALUES ('2018', '62399161300024', 50000, 4);
INSERT INTO PARTICIPA(EVENTO, EMPRESA, TOTAL_PAGO, NOTA_FEEDBACK) VALUES ('2017', '66991613000126', 80000, 7);
INSERT INTO PARTICIPA(EVENTO, EMPRESA, TOTAL_PAGO, NOTA_FEEDBACK) VALUES ('2017', '66991613000120', 50000, 8);
INSERT INTO PARTICIPA(EVENTO, EMPRESA, TOTAL_PAGO, NOTA_FEEDBACK) VALUES ('2017', '62399161300024', 30000, 9);
INSERT INTO PARTICIPA(EVENTO, EMPRESA, TOTAL_PAGO, NOTA_FEEDBACK) VALUES ('2016', '66991613000126', 50000, 8);
INSERT INTO PARTICIPA(EVENTO, EMPRESA, TOTAL_PAGO, NOTA_FEEDBACK) VALUES ('2016', '66991613000120', 10000, 7);
INSERT INTO PARTICIPA(EVENTO, EMPRESA, TOTAL_PAGO, NOTA_FEEDBACK) VALUES ('2016', '62399161300024', 5000, 7);

INSERT INTO ESTANDE(TITULO, EVENTO, TAMANHO, LOCALIZACAO) VALUES ('Nintendo Ultra', '2019', 70, 'SETOR A');
INSERT INTO ESTANDE(TITULO, EVENTO, TAMANHO, LOCALIZACAO) VALUES ('Redbull Xtreme', '2019', 120, 'SETOR A');
INSERT INTO ESTANDE(TITULO, EVENTO, TAMANHO, LOCALIZACAO) VALUES ('Sony Next Gen', '2019', 60, 'SETOR B');
INSERT INTO ESTANDE(TITULO, EVENTO, TAMANHO, LOCALIZACAO) VALUES ('Nintendo Ultra', '2018', 70, 'SETOR A');
INSERT INTO ESTANDE(TITULO, EVENTO, TAMANHO, LOCALIZACAO) VALUES ('Redbull Xtreme', '2018', 120, 'SETOR A');
INSERT INTO ESTANDE(TITULO, EVENTO, TAMANHO, LOCALIZACAO) VALUES ('Sony Zone', '2018', 60, 'SETOR B');
INSERT INTO ESTANDE(TITULO, EVENTO, TAMANHO, LOCALIZACAO) VALUES ('Nintendo Area', '2017', 70, 'SETOR A');
INSERT INTO ESTANDE(TITULO, EVENTO, TAMANHO, LOCALIZACAO) VALUES ('Redbull Xtreme', '2017', 120, 'SETOR A');
INSERT INTO ESTANDE(TITULO, EVENTO, TAMANHO, LOCALIZACAO) VALUES ('SoNy', '2017', 60, 'SETOR B');